{"mean":{"confidence_interval":{"confidence_level":0.95,"lower_bound":0.04108320832785331,"upper_bound":0.07590925525247023},"point_estimate":0.059530097347522126,"standard_error":0.008725846689826936},"median":{"confidence_interval":{"confidence_level":0.95,"lower_bound":0.051070298607886366,"upper_bound":0.05604658889893077},"point_estimate":0.05336564284455991,"standard_error":0.0012649282633739945}}