{"mean":{"confidence_interval":{"confidence_level":0.95,"lower_bound":-0.010443973739098106,"upper_bound":0.016568391321384025},"point_estimate":0.0028613972210866923,"standard_error":0.0068528760429503},"median":{"confidence_interval":{"confidence_level":0.95,"lower_bound":0.010223322327051365,"upper_bound":0.014495890938372114},"point_estimate":0.01192369544670524,"standard_error":0.0010704693644631837}}