{"mean":{"confidence_interval":{"confidence_level":0.95,"lower_bound":-0.017387169915349936,"upper_bound":-0.013779531025880499},"point_estimate":-0.01559668543983761,"standard_error":0.0009524122545396538},"median":{"confidence_interval":{"confidence_level":0.95,"lower_bound":-0.01866082246802314,"upper_bound":-0.013146879320528604},"point_estimate":-0.015783379264008524,"standard_error":0.0014106124733685957}}