{"mean":{"confidence_interval":{"confidence_level":0.95,"lower_bound":-0.0032105722105878255,"upper_bound":0.026582574446667673},"point_estimate":0.013745060076403304,"standard_error":0.007730462281068845},"median":{"confidence_interval":{"confidence_level":0.95,"lower_bound":0.008840614288843529,"upper_bound":0.03033310557408342},"point_estimate":0.018311940522222292,"standard_error":0.005608006510296908}}