{"mean":{"confidence_interval":{"confidence_level":0.95,"lower_bound":112172521.35225001,"upper_bound":112512201.4155},"point_estimate":112338335.87,"standard_error":86628.20742338842},"median":{"confidence_interval":{"confidence_level":0.95,"lower_bound":112127685.5,"upper_bound":112583690.0},"point_estimate":112291261.5,"standard_error":127980.68324437024},"median_abs_dev":{"confidence_interval":{"confidence_level":0.95,"lower_bound":555092.8431451321,"upper_bound":931604.2955607176},"point_estimate":742729.2132139206,"standard_error":95288.50360212816},"slope":null,"std_dev":{"confidence_interval":{"confidence_level":0.95,"lower_bound":684843.4571426582,"upper_bound":1076053.552204114},"point_estimate":871189.7907259499,"standard_error":102450.03385864587}}