{"mean":{"confidence_interval":{"confidence_level":0.95,"lower_bound":100282910.96825,"upper_bound":104245077.43},"point_estimate":102422704.26,"standard_error":1016054.8109673423},"median":{"confidence_interval":{"confidence_level":0.95,"lower_bound":105243448.0,"upper_bound":105659585.0},"point_estimate":105375054.5,"standard_error":105863.09258287687},"median_abs_dev":{"confidence_interval":{"confidence_level":0.95,"lower_bound":625815.8270895481,"upper_bound":1040002.3687362671},"point_estimate":809010.3276371956,"standard_error":105169.91194400477},"slope":null,"std_dev":{"confidence_interval":{"confidence_level":0.95,"lower_bound":6886428.845804746,"upper_bound":12787804.129070243},"point_estimate":10260959.802345177,"standard_error":1511082.1123483458}}