{"mean":{"confidence_interval":{"confidence_level":0.95,"lower_bound":114299854.196,"upper_bound":114545454.80775},"point_estimate":114423233.3,"standard_error":62765.850953675355},"median":{"confidence_interval":{"confidence_level":0.95,"lower_bound":114354018.0,"upper_bound":114631714.0},"point_estimate":114519747.5,"standard_error":63968.93259632698},"median_abs_dev":{"confidence_interval":{"confidence_level":0.95,"lower_bound":363886.09435223043,"upper_bound":672029.913804082},"point_estimate":477755.239418149,"standard_error":74216.12373249249},"slope":null,"std_dev":{"confidence_interval":{"confidence_level":0.95,"lower_bound":524439.5258306398,"upper_bound":734513.2727362935},"point_estimate":632874.6132681282,"standard_error":53808.49701837618}}