{"mean":{"confidence_interval":{"confidence_level":0.95,"lower_bound":105848908.6745,"upper_bound":108930542.04475},"point_estimate":107250623.13,"standard_error":793092.3421105667},"median":{"confidence_interval":{"confidence_level":0.95,"lower_bound":104973839.0,"upper_bound":105233545.0},"point_estimate":105102552.0,"standard_error":64442.29543988989},"median_abs_dev":{"confidence_interval":{"confidence_level":0.95,"lower_bound":492821.4203506708,"upper_bound":892903.9884477854},"point_estimate":702252.0100325346,"standard_error":104655.18019572676},"slope":null,"std_dev":{"confidence_interval":{"confidence_level":0.95,"lower_bound":4349979.35868416,"upper_bound":10819719.133235522},"point_estimate":7955324.004953567,"standard_error":1647196.9683526517}}