{"mean":{"confidence_interval":{"confidence_level":0.95,"lower_bound":702521131.5316668,"upper_bound":709500580.755},"point_estimate":705962546.6666666,"standard_error":1780401.738160699},"median":{"confidence_interval":{"confidence_level":0.95,"lower_bound":700007104.0,"upper_bound":712256515.0},"point_estimate":705041555.0,"standard_error":3240830.942349524},"median_abs_dev":{"confidence_interval":{"confidence_level":0.95,"lower_bound":3384581.5193116665,"upper_bound":11646230.508238077},"point_estimate":10031908.939898014,"standard_error":2203841.3846230074},"slope":null,"std_dev":{"confidence_interval":{"confidence_level":0.95,"lower_bound":4987068.740142965,"upper_bound":8349080.663977222},"point_estimate":7077931.6173757855,"standard_error":856478.7070283266}}