{"mean":{"confidence_interval":{"confidence_level":0.95,"lower_bound":745482770.05,"upper_bound":759248236.424},"point_estimate":752081833.612,"standard_error":3518951.7164877774},"median":{"confidence_interval":{"confidence_level":0.95,"lower_bound":722976057.5,"upper_bound":726570583.5},"point_estimate":724652525.5,"standard_error":987994.125374703},"median_abs_dev":{"confidence_interval":{"confidence_level":0.95,"lower_bound":13422170.299708843,"upper_bound":17944671.354003396},"point_estimate":15075347.848159075,"standard_error":1178161.5573629744},"slope":null,"std_dev":{"confidence_interval":{"confidence_level":0.95,"lower_bound":63603464.74190531,"upper_bound":91695598.01985477},"point_estimate":78134891.40186283,"standard_error":7185820.334212548}}