{"mean":{"confidence_interval":{"confidence_level":0.95,"lower_bound":557516038.7,"upper_bound":700439751.9},"point_estimate":609928771.1,"standard_error":41294289.67594589},"median":{"confidence_interval":{"confidence_level":0.95,"lower_bound":554458691.0,"upper_bound":590785458.0},"point_estimate":562196800.5,"standard_error":13843059.140895538},"median_abs_dev":{"confidence_interval":{"confidence_level":0.95,"lower_bound":2691613.550314307,"upper_bound":52782209.19672847},"point_estimate":12011107.25736022,"standard_error":16960366.054564565},"slope":null,"std_dev":{"confidence_interval":{"confidence_level":0.95,"lower_bound":9365534.92864254,"upper_bound":211497695.66298318},"point_estimate":137683398.88154456,"standard_error":69726610.49983318}}