{"mean":{"confidence_interval":{"confidence_level":0.95,"lower_bound":0.03263277176237749,"upper_bound":0.3002337815048388},"point_estimate":0.12807543400898647,"standard_error":0.0792950644664095},"median":{"confidence_interval":{"confidence_level":0.95,"lower_bound":0.021905298112399496,"upper_bound":0.09350796726310295},"point_estimate":0.037601243220945824,"standard_error":0.01796376625322378}}