{"mean":{"confidence_interval":{"confidence_level":0.95,"lower_bound":0.023124397640636635,"upper_bound":0.026482573621399767},"point_estimate":0.024748552023248882,"standard_error":0.0008590692136530371},"median":{"confidence_interval":{"confidence_level":0.95,"lower_bound":0.022501941443418806,"upper_bound":0.02712167523695208},"point_estimate":0.025437212282964694,"standard_error":0.0012099699808287485}}