{"mean":{"confidence_interval":{"confidence_level":0.95,"lower_bound":0.03872202262606582,"upper_bound":0.043564841378345195},"point_estimate":0.04119390260922784,"standard_error":0.0012269335633994642},"median":{"confidence_interval":{"confidence_level":0.95,"lower_bound":0.03897912839105899,"upper_bound":0.043841166902983675},"point_estimate":0.0407808463959447,"standard_error":0.0013173472716230604}}