{"mean":{"confidence_interval":{"confidence_level":0.95,"lower_bound":-0.062400977178605155,"upper_bound":-0.024167832676695228},"point_estimate":-0.04216540076567632,"standard_error":0.00942746623326894},"median":{"confidence_interval":{"confidence_level":0.95,"lower_bound":-0.018825243008296952,"upper_bound":-0.010330897658540117},"point_estimate":-0.013862627714608444,"standard_error":0.002020918689156516}}