{"mean":{"confidence_interval":{"confidence_level":0.95,"lower_bound":0.0027757730886520636,"upper_bound":0.053063575327414604},"point_estimate":0.02850860923157872,"standard_error":0.01247781002453857},"median":{"confidence_interval":{"confidence_level":0.95,"lower_bound":0.04881676621707398,"upper_bound":0.05454143369649467},"point_estimate":0.05125774734933053,"standard_error":0.0014881272274474332}}