{"mean":{"confidence_interval":{"confidence_level":0.95,"lower_bound":-0.004002195569329657,"upper_bound":0.023550868022222622},"point_estimate":0.008942547897880626,"standard_error":0.007004278132495667},"median":{"confidence_interval":{"confidence_level":0.95,"lower_bound":-0.01343872549585201,"upper_bound":-0.010575632168546956},"point_estimate":-0.0119420821656816,"standard_error":0.0007131228378725377}}