{"mean":{"confidence_interval":{"confidence_level":0.95,"lower_bound":0.0263714238574995,"upper_bound":0.029724354883914922},"point_estimate":0.028085434330086034,"standard_error":0.0008625565324501615},"median":{"confidence_interval":{"confidence_level":0.95,"lower_bound":0.026251663581122107,"upper_bound":0.030270338053238754},"point_estimate":0.028270354313994606,"standard_error":0.0009791934897485516}}