{"mean":{"confidence_interval":{"confidence_level":0.95,"lower_bound":561464957.7533333,"upper_bound":592692770.0283333},"point_estimate":574446050.9333333,"standard_error":8163715.787015339},"median":{"confidence_interval":{"confidence_level":0.95,"lower_bound":559223825.0,"upper_bound":572384813.0},"point_estimate":565058287.0,"standard_error":2513760.59786346},"median_abs_dev":{"confidence_interval":{"confidence_level":0.95,"lower_bound":2380972.5321292877,"upper_bound":19110236.263525486},"point_estimate":8650173.207628727,"standard_error":4341449.547721761},"slope":null,"std_dev":{"confidence_interval":{"confidence_level":0.95,"lower_bound":6405450.194720767,"upper_bound":49175005.36369163},"point_estimate":32873393.084538043,"standard_error":12319590.726175468}}