{"mean":{"confidence_interval":{"confidence_level":0.95,"lower_bound":557689205.63,"upper_bound":601570342.9016666},"point_estimate":577515296.8,"standard_error":11245963.675419498},"median":{"confidence_interval":{"confidence_level":0.95,"lower_bound":552491370.0,"upper_bound":571179305.0},"point_estimate":559731171.0,"standard_error":5484755.0096663935},"median_abs_dev":{"confidence_interval":{"confidence_level":0.95,"lower_bound":3135134.073740244,"upper_bound":27759997.30836153},"point_estimate":10733728.772038221,"standard_error":7367722.1649546875},"slope":null,"std_dev":{"confidence_interval":{"confidence_level":0.95,"lower_bound":7805389.550216008,"upper_bound":59183384.10030552},"point_estimate":44995253.64737998,"standard_error":11978435.400255319}}