{"mean":{"confidence_interval":{"confidence_level":0.95,"lower_bound":580822342.464,"upper_bound":589953699.644},"point_estimate":585210972.874,"standard_error":2317897.125545762},"median":{"confidence_interval":{"confidence_level":0.95,"lower_bound":567386300.0,"upper_bound":569789486.5},"point_estimate":568366309.0,"standard_error":660161.9929127404},"median_abs_dev":{"confidence_interval":{"confidence_level":0.95,"lower_bound":11023599.30589199,"upper_bound":13464485.611805089},"point_estimate":12226772.921231389,"standard_error":608328.7760798717},"slope":null,"std_dev":{"confidence_interval":{"confidence_level":0.95,"lower_bound":42202153.6411828,"upper_bound":60880258.41428226},"point_estimate":51607711.939866684,"standard_error":4784506.559714833}}