{"mean":{"confidence_interval":{"confidence_level":0.95,"lower_bound":114668782.50299999,"upper_bound":114930634.68},"point_estimate":114798738.88,"standard_error":66927.8182788045},"median":{"confidence_interval":{"confidence_level":0.95,"lower_bound":114654882.0,"upper_bound":114962895.5},"point_estimate":114784497.0,"standard_error":80638.69374793129},"median_abs_dev":{"confidence_interval":{"confidence_level":0.95,"lower_bound":512772.02689647675,"upper_bound":892375.441557169},"point_estimate":666979.4740587473,"standard_error":98914.77454842132},"slope":null,"std_dev":{"confidence_interval":{"confidence_level":0.95,"lower_bound":578845.4328308423,"upper_bound":756751.2334527805},"point_estimate":670718.242745327,"standard_error":45468.75072337011}}