{"mean":{"confidence_interval":{"confidence_level":0.95,"lower_bound":0.006005966480183746,"upper_bound":0.06937845102616769},"point_estimate":0.03698387735060127,"standard_error":0.016227181765264692},"median":{"confidence_interval":{"confidence_level":0.95,"lower_bound":0.02952150285688937,"upper_bound":0.04674125362648551},"point_estimate":0.038598182722472174,"standard_error":0.004480980385300143}}