{"mean":{"confidence_interval":{"confidence_level":0.95,"lower_bound":-0.01331809977919077,"upper_bound":0.0360723127410269},"point_estimate":0.011728568204050882,"standard_error":0.012577736017738922},"median":{"confidence_interval":{"confidence_level":0.95,"lower_bound":0.018116776232072862,"upper_bound":0.036699309320881834},"point_estimate":0.029607249923020218,"standard_error":0.004860293615330761}}