{"mean":{"confidence_interval":{"confidence_level":0.95,"lower_bound":287531482.21875,"upper_bound":302175297.69175},"point_estimate":292999933.53,"standard_error":3968450.1027410612},"median":{"confidence_interval":{"confidence_level":0.95,"lower_bound":286184446.0,"upper_bound":287717191.0},"point_estimate":286671731.5,"standard_error":433207.9374918999},"median_abs_dev":{"confidence_interval":{"confidence_level":0.95,"lower_bound":2463569.4183404003,"upper_bound":4089906.959089637},"point_estimate":3234047.2135841846,"standard_error":394585.71588423074},"slope":null,"std_dev":{"confidence_interval":{"confidence_level":0.95,"lower_bound":3815166.422029544,"upper_bound":66979585.87448076},"point_estimate":39950446.84271742,"standard_error":19638965.11192592}}