{"mean":{"confidence_interval":{"confidence_level":0.95,"lower_bound":18113622158.2225,"upper_bound":20768115774.1675},"point_estimate":19306595494.7,"standard_error":685820573.2152364},"median":{"confidence_interval":{"confidence_level":0.95,"lower_bound":17766677746.5,"upper_bound":20767926798.0},"point_estimate":18666241350.0,"standard_error":602551752.1382889},"median_abs_dev":{"confidence_interval":{"confidence_level":0.95,"lower_bound":175556748.1601447,"upper_bound":3090531777.054593},"point_estimate":1019529435.5480343,"standard_error":710938353.1528196},"slope":null,"std_dev":{"confidence_interval":{"confidence_level":0.95,"lower_bound":617338041.1725672,"upper_bound":2986830605.692984},"point_estimate":2295394276.985473,"standard_error":624222723.7178334}}