{"mean":{"confidence_interval":{"confidence_level":0.95,"lower_bound":275494558.7225,"upper_bound":277718960.955},"point_estimate":276565326.46666664,"standard_error":568534.9243046953},"median":{"confidence_interval":{"confidence_level":0.95,"lower_bound":274538334.5,"upper_bound":278057300.5},"point_estimate":275674888.5,"standard_error":936304.3622541837},"median_abs_dev":{"confidence_interval":{"confidence_level":0.95,"lower_bound":838297.6075172424,"upper_bound":3539874.9709546566},"point_estimate":2266798.2494562864,"standard_error":730635.9989480148},"slope":null,"std_dev":{"confidence_interval":{"confidence_level":0.95,"lower_bound":1436592.994459109,"upper_bound":2811932.085910534},"point_estimate":2274549.4036574704,"standard_error":352369.29076895426}}