{"mean":{"confidence_interval":{"confidence_level":0.95,"lower_bound":281370284.19265,"upper_bound":290092497.2996},"point_estimate":285366735.572,"standard_error":2245505.622531164},"median":{"confidence_interval":{"confidence_level":0.95,"lower_bound":276313692.5,"upper_bound":276883173.0},"point_estimate":276613468.0,"standard_error":139725.75839030812},"median_abs_dev":{"confidence_interval":{"confidence_level":0.95,"lower_bound":2625416.944089532,"upper_bound":3343876.737034321},"point_estimate":2936394.5124685764,"standard_error":185207.3921551727},"slope":null,"std_dev":{"confidence_interval":{"confidence_level":0.95,"lower_bound":30826095.176452167,"upper_bound":66473266.85485986},"point_estimate":50173496.137643635,"standard_error":9091827.824771298}}