{"mean":{"confidence_interval":{"confidence_level":0.95,"lower_bound":269955693.35499996,"upper_bound":271566573.2925},"point_estimate":270712213.3,"standard_error":414062.2696126287},"median":{"confidence_interval":{"confidence_level":0.95,"lower_bound":269555909.0,"upper_bound":271842198.5},"point_estimate":270391893.5,"standard_error":405753.0823755359},"median_abs_dev":{"confidence_interval":{"confidence_level":0.95,"lower_bound":488015.57253599167,"upper_bound":2466787.642505765},"point_estimate":1239430.5976957083,"standard_error":564056.4321538229},"slope":null,"std_dev":{"confidence_interval":{"confidence_level":0.95,"lower_bound":874968.8117080936,"upper_bound":2131834.1393328113},"point_estimate":1660599.160759053,"standard_error":322370.2843420817}}