{"mean":{"confidence_interval":{"confidence_level":0.95,"lower_bound":0.028566283241121385,"upper_bound":0.05075506607116083},"point_estimate":0.039330735280496576,"standard_error":0.005893165723042609},"median":{"confidence_interval":{"confidence_level":0.95,"lower_bound":0.023431901377571895,"upper_bound":0.049648568935301673},"point_estimate":0.033515371070974354,"standard_error":0.006135376678511617}}