{"mean":{"confidence_interval":{"confidence_level":0.95,"lower_bound":-0.015958286006978656,"upper_bound":-0.0053442781768416},"point_estimate":-0.010931247381541387,"standard_error":0.0027062407322916006},"median":{"confidence_interval":{"confidence_level":0.95,"lower_bound":-0.01874172611626823,"upper_bound":-0.002367153214853479},"point_estimate":-0.01236749975861795,"standard_error":0.004335285519351929}}