{"mean":{"confidence_interval":{"confidence_level":0.95,"lower_bound":-0.026024786773844136,"upper_bound":-0.01624743186842029},"point_estimate":-0.021163582729059383,"standard_error":0.0024984481349764032},"median":{"confidence_interval":{"confidence_level":0.95,"lower_bound":-0.028542730170107555,"upper_bound":-0.01462887640360444},"point_estimate":-0.019163860113432185,"standard_error":0.0036215614725998587}}