{"mean":{"confidence_interval":{"confidence_level":0.95,"lower_bound":587959910.2557501,"upper_bound":611322957.3102499},"point_estimate":598521953.66,"standard_error":6002058.365684377},"median":{"confidence_interval":{"confidence_level":0.95,"lower_bound":574517151.0,"upper_bound":582306271.0},"point_estimate":577917968.5,"standard_error":2172168.7182883113},"median_abs_dev":{"confidence_interval":{"confidence_level":0.95,"lower_bound":10755660.873448849,"upper_bound":20125345.77870369},"point_estimate":14732373.548448086,"standard_error":2510602.0147727886},"slope":null,"std_dev":{"confidence_interval":{"confidence_level":0.95,"lower_bound":34567882.63689313,"upper_bound":85153757.37870646},"point_estimate":60145484.92814021,"standard_error":13339839.560523517}}