{"mean":{"confidence_interval":{"confidence_level":0.95,"lower_bound":0.02467953853695082,"upper_bound":0.051492949957999176},"point_estimate":0.03673101613809204,"standard_error":0.006951588404870821},"median":{"confidence_interval":{"confidence_level":0.95,"lower_bound":0.024417487563328066,"upper_bound":0.04391552255571418},"point_estimate":0.03614361544085054,"standard_error":0.0048707836660252645}}