{"mean":{"confidence_interval":{"confidence_level":0.95,"lower_bound":716384090.6,"upper_bound":830696504.1683333},"point_estimate":761521059.2,"standard_error":30393346.19351215},"median":{"confidence_interval":{"confidence_level":0.95,"lower_bound":708555887.0,"upper_bound":726955011.0},"point_estimate":715793078.0,"standard_error":8065573.028101131},"median_abs_dev":{"confidence_interval":{"confidence_level":0.95,"lower_bound":1695694.0678954124,"upper_bound":30729195.82784772},"point_estimate":14852987.50410676,"standard_error":10251182.047255557},"slope":null,"std_dev":{"confidence_interval":{"confidence_level":0.95,"lower_bound":8312509.624792711,"upper_bound":187633252.14498174},"point_estimate":120758001.87159614,"standard_error":52326186.80847512}}