{"mean":{"confidence_interval":{"confidence_level":0.95,"lower_bound":713939937.3333334,"upper_bound":757794148.41},"point_estimate":733080410.8,"standard_error":11253554.196923738},"median":{"confidence_interval":{"confidence_level":0.95,"lower_bound":706848145.0,"upper_bound":734563976.0},"point_estimate":716674839.0,"standard_error":6096024.027881757},"median_abs_dev":{"confidence_interval":{"confidence_level":0.95,"lower_bound":1644768.2413995266,"upper_bound":25998429.841035604},"point_estimate":15418857.366460562,"standard_error":7573824.45222517},"slope":null,"std_dev":{"confidence_interval":{"confidence_level":0.95,"lower_bound":9613198.715133548,"upper_bound":61070743.55073197},"point_estimate":45293033.577439,"standard_error":13317689.779057372}}