{"mean":{"confidence_interval":{"confidence_level":0.95,"lower_bound":-0.06849759659038196,"upper_bound":-0.010531047078525188},"point_estimate":-0.03699166385272801,"standard_error":0.014938582148954964},"median":{"confidence_interval":{"confidence_level":0.95,"lower_bound":-0.030383567639041164,"upper_bound":0.003141561615048083},"point_estimate":-0.01623230420120836,"standard_error":0.008938147492635735}}