{"mean":{"confidence_interval":{"confidence_level":0.95,"lower_bound":-0.10244669999834281,"upper_bound":0.10511612447234406},"point_estimate":-0.006624157162658073,"standard_error":0.0520929193258785},"median":{"confidence_interval":{"confidence_level":0.95,"lower_bound":-0.045459436229882466,"upper_bound":-0.005436391263379581},"point_estimate":-0.025916057375214963,"standard_error":0.013887056550760743}}