{"mean":{"confidence_interval":{"confidence_level":0.95,"lower_bound":-0.03285398969455092,"upper_bound":0.046324679948210434},"point_estimate":0.004539850242760046,"standard_error":0.020310707022117888},"median":{"confidence_interval":{"confidence_level":0.95,"lower_bound":-0.027184888331734935,"upper_bound":0.015030426063463276},"point_estimate":0.0029493455727285234,"standard_error":0.011558233736963009}}