{"mean":{"confidence_interval":{"confidence_level":0.95,"lower_bound":107495473.79,"upper_bound":112552220.917},"point_estimate":110163920.98,"standard_error":1297278.8881036402},"median":{"confidence_interval":{"confidence_level":0.95,"lower_bound":112387457.0,"upper_bound":112947698.0},"point_estimate":112617879.5,"standard_error":134212.8478995752},"median_abs_dev":{"confidence_interval":{"confidence_level":0.95,"lower_bound":704126.7576992512,"upper_bound":1173312.569269538},"point_estimate":915681.9131433964,"standard_error":128202.59787821629},"slope":null,"std_dev":{"confidence_interval":{"confidence_level":0.95,"lower_bound":8879072.944207797,"upper_bound":16144485.058474902},"point_estimate":12949269.547643915,"standard_error":1844192.5086640415}}