{"mean":{"confidence_interval":{"confidence_level":0.95,"lower_bound":0.011196768076375733,"upper_bound":0.1612230401496153},"point_estimate":0.08286111532324458,"standard_error":0.03799618412085969},"median":{"confidence_interval":{"confidence_level":0.95,"lower_bound":0.06200622676337075,"upper_bound":0.07072977813649195},"point_estimate":0.06751549598323558,"standard_error":0.0022246304993912007}}