{"mean":{"confidence_interval":{"confidence_level":0.95,"lower_bound":104559245.871,"upper_bound":104904590.48625},"point_estimate":104731712.96,"standard_error":88298.16786893824},"median":{"confidence_interval":{"confidence_level":0.95,"lower_bound":104436227.0,"upper_bound":104954200.0},"point_estimate":104704245.0,"standard_error":129974.91413198576},"median_abs_dev":{"confidence_interval":{"confidence_level":0.95,"lower_bound":725918.0121123791,"upper_bound":1120393.3871090412},"point_estimate":870288.4084492922,"standard_error":101104.75573844928},"slope":null,"std_dev":{"confidence_interval":{"confidence_level":0.95,"lower_bound":771947.7228825008,"upper_bound":999654.9043129092},"point_estimate":889452.9752477241,"standard_error":58181.83050133081}}