{"mean":{"confidence_interval":{"confidence_level":0.95,"lower_bound":110847563.01,"upper_bound":114566639.264},"point_estimate":112734998.92,"standard_error":947496.1172669965},"median":{"confidence_interval":{"confidence_level":0.95,"lower_bound":111851784.0,"upper_bound":112315886.0},"point_estimate":112047284.5,"standard_error":110956.76531481628},"median_abs_dev":{"confidence_interval":{"confidence_level":0.95,"lower_bound":513179.74188923836,"upper_bound":850378.5734027624},"point_estimate":679716.49043262,"standard_error":84135.94286290671},"slope":null,"std_dev":{"confidence_interval":{"confidence_level":0.95,"lower_bound":5773394.760724609,"upper_bound":12607348.45034643},"point_estimate":9497154.078887533,"standard_error":1732001.726466594}}