{"mean":{"confidence_interval":{"confidence_level":0.95,"lower_bound":739581543.0065,"upper_bound":762162829.7867501},"point_estimate":749943627.7,"standard_error":5756457.406698626},"median":{"confidence_interval":{"confidence_level":0.95,"lower_bound":725609435.0,"upper_bound":734050713.0},"point_estimate":730848642.0,"standard_error":2062317.4127921148},"median_abs_dev":{"confidence_interval":{"confidence_level":0.95,"lower_bound":11477730.056029558,"upper_bound":21997452.54568465},"point_estimate":15833662.893596292,"standard_error":2644465.3803884736},"slope":null,"std_dev":{"confidence_interval":{"confidence_level":0.95,"lower_bound":35737095.39410057,"upper_bound":79284016.91013107},"point_estimate":57822545.20113873,"standard_error":11360634.117757559}}