{"mean":{"confidence_interval":{"confidence_level":0.95,"lower_bound":570096732.93,"upper_bound":669550954.7883333},"point_estimate":606115520.0666667,"standard_error":29184425.313933935},"median":{"confidence_interval":{"confidence_level":0.95,"lower_bound":566980374.0,"upper_bound":591084222.0},"point_estimate":573111398.0,"standard_error":4212837.224606114},"median_abs_dev":{"confidence_interval":{"confidence_level":0.95,"lower_bound":2782092.9202079773,"upper_bound":27840496.556532383},"point_estimate":12325513.338178396,"standard_error":7694365.127966649},"slope":null,"std_dev":{"confidence_interval":{"confidence_level":0.95,"lower_bound":9822357.866814073,"upper_bound":187416192.07813972},"point_estimate":116691676.30859376,"standard_error":61802652.16123816}}