{"mean":{"confidence_interval":{"confidence_level":0.95,"lower_bound":-0.0015799592481553846,"upper_bound":0.07849186886379614},"point_estimate":0.03589040712516467,"standard_error":0.020879665481748664},"median":{"confidence_interval":{"confidence_level":0.95,"lower_bound":-0.016211024952501596,"upper_bound":0.023202462722573536},"point_estimate":0.007196602879241398,"standard_error":0.009886781610966278}}