{"mean":{"confidence_interval":{"confidence_level":0.95,"lower_bound":-0.07317710973775482,"upper_bound":0.015233763641843713},"point_estimate":-0.030512363561037925,"standard_error":0.022620796064884586},"median":{"confidence_interval":{"confidence_level":0.95,"lower_bound":-0.0523791297080628,"upper_bound":0.005814501295651864},"point_estimate":-0.018513323801921167,"standard_error":0.016322350990426646}}