{"mean":{"confidence_interval":{"confidence_level":0.95,"lower_bound":-0.022702764038407625,"upper_bound":0.16735344756032577},"point_estimate":0.0551304497295757,"standard_error":0.05085235945433729},"median":{"confidence_interval":{"confidence_level":0.95,"lower_bound":-0.0010581657413750722,"upper_bound":0.02991506419798262},"point_estimate":0.014251823546833409,"standard_error":0.007594663617990835}}