{"mean":{"confidence_interval":{"confidence_level":0.95,"lower_bound":278208410.65999997,"upper_bound":284037205.8825},"point_estimate":280934505.4,"standard_error":1494989.8909901865},"median":{"confidence_interval":{"confidence_level":0.95,"lower_bound":276273580.0,"upper_bound":285978833.0},"point_estimate":279405852.0,"standard_error":1654913.1464669816},"median_abs_dev":{"confidence_interval":{"confidence_level":0.95,"lower_bound":1294103.6956250668,"upper_bound":9177144.094473124},"point_estimate":4643906.384754181,"standard_error":1939469.7439328986},"slope":null,"std_dev":{"confidence_interval":{"confidence_level":0.95,"lower_bound":3249817.866417937,"upper_bound":7653149.762711731},"point_estimate":5979140.85377401,"standard_error":1135878.4357247727}}